,name,handedness,height,weight,avg,HR,weight_height
0,Tom Brown,R,73,170,0,0,0.819047619
1,Ozzie Osborn,R,74,195,0,0,1.123809524
2,John LaRose,L,73,185,0,0,0.961904762
3,Jeff Byrd,R,75,195,0,0,1.19047619
4,Jerry Kutzler,L,73,175,0,0,0.866666667
5,Jeff Barkley,B,75,185,0,0,1.095238095
6,Eric Wilkins,R,73,190,0,0,1.00952381
7,Britt Burns,L,77,215,0,0,1.514285714
8,Nardi Contreras,B,74,193,0,0,1.104761905
9,Gil Patterson,R,73,185,0,0,0.961904762
10,Jerry Garvin,L,75,195,0,0,1.19047619
11,Steve Eddy,R,74,185,0,0,1.028571429
12,Kevin Mmahat,L,77,220,0,0,1.561904762
13,Jim Siwy,R,76,200,0,0,1.304761905
14,Bud Anderson,R,75,210,0,0,1.333333333
15,Kevin Stanfield,L,72,190,0,0,0.942857143
16,John Butcher,R,76,185,0,0,1.161904762
17,Jerry Ujdur,R,73,195,0,0,1.057142857
18,Brian Denman,R,76,205,0,0,1.352380952
19,Bob Fallon,L,75,200,0,0,1.238095238
20,Steve Curry,R,78,217,0,0,1.6
21,Ray Chadwick,B,74,180,0,0,0.980952381
22,Bryan Clutterbuck,R,76,223,0,0,1.523809524
23,Tony Ferreira,L,73,160,0,0,0.723809524
24,Bryan Oelkers,L,75,192,0,0,1.161904762
25,Kevin Bearse,L,74,195,0,0,1.123809524
26,Jose Roman,R,72,175,0,0,0.8
27,Mike Trujillo,R,73,180,0,0,0.914285714
28,Albert Williams,R,76,190,0,0,1.20952381
29,Oswaldo Peraza,R,76,172,0,0,1.038095238
30,Barry Cort,R,77,210,0,0,1.466666667
31,Bill Wilkinson,R,70,160,0,0,0.523809524
32,Mike Loynd,R,76,210,0,0,1.4
33,Randy Scarbery,B,73,185,0,0,0.961904762
34,Ben Callahan,R,79,230,0,0,1.79047619
35,Bobby Cuellar,R,71,188,0,0,0.857142857
36,Mike Jones,L,78,215,0,0,1.580952381
37,Ramon Manon,R,72,150,0,0,0.561904762
38,John Trautwein,R,75,205,0,0,1.285714286
39,Andy Replogle,R,77,205,0,0,1.419047619
40,Zach Crouch,L,75,180,0,0,1.047619048
41,Ron Romanick,R,76,195,0,0,1.257142857
42,Bruce Tanner,L,75,220,0,0,1.428571429
43,Dave Ford,R,76,190,0,0,1.20952381
44,Barry Raziano,B,70,175,0,0,0.666666667
45,Pat Underwood,L,72,175,0,0,0.8
46,Joel McKeon,L,72,185,0,0,0.895238095
47,Danny Fife,R,75,175,0,0,1
48,Andy Beene,R,75,205,0,0,1.285714286
49,Bruce Robbins,L,73,190,0,0,1.00952381
50,Leon Hooten,R,71,180,0,0,0.780952381
51,Allan Ramirez,R,70,180,0,0,0.714285714
52,Brian Allard,R,73,175,0,0,0.866666667
53,Fernando Arroyo,R,74,180,0,0,0.980952381
54,Gary Beare,R,76,205,0,0,1.352380952
55,Brian Dubois,L,70,165,0,0,0.571428571
56,Chris Batton,R,76,195,0,0,1.257142857
57,Vance Lovelace,L,77,205,0,0,1.419047619
58,Greg Thayer,R,71,182,0,0,0.8
59,Paul Hartzell,R,77,200,0,0,1.371428571
60,Ralph Botting,L,72,195,0,0,0.99047619
61,Keith Creel,R,74,180,0,0,0.980952381
62,Mike Smith,R,75,180,0,0,1.047619048
63,T.R. Bryden,R,76,190,0,0,1.20952381
64,Tom Makowski,R,71,185,0,0,0.828571429
65,Jim Umbarger,L,78,200,0,0,1.438095238
66,Mike Darr,R,76,190,0,0,1.20952381
67,Curt Wardle,L,77,220,0,0,1.561904762
68,Israel Sanchez,L,69,170,0,0,0.552380952
69,Steve Burke,B,74,200,0,0,1.171428571
70,Terry Taylor,R,73,180,0,0,0.914285714
71,Randy Nosek,R,76,215,0,0,1.447619048
72,Narciso Elvira,L,70,160,0,0,0.523809524
73,Mark Smith,R,74,215,0,0,1.314285714
74,Paul Mitchell,R,73,195,0,0,1.057142857
75,Butch Edge,R,75,203,0,0,1.266666667
76,Gary Mielke,R,75,185,0,0,1.095238095
77,Rick Henninger,R,78,225,0,0,1.676190476
78,Mark Brown,B,74,190,0,0,1.076190476
79,Rafael Vasquez,R,72,160,0,0,0.657142857
80,Len Whitehouse,L,71,175,0,0,0.733333333
81,Steve Adkins,R,78,210,0,0,1.533333333
82,Tony Mack,R,70,177,0,0,0.685714286
83,Bill Moran,R,76,210,0,0,1.4
84,Tom Gilles,R,73,185,0,0,0.961904762
85,Bob Kammeyer,R,76,210,0,0,1.4
86,Joe Pactwa,L,71,185,0,0,0.828571429
87,Sherman Corbett,L,76,205,0,0,1.352380952
88,Lafayette Currence,B,71,175,0,0,0.733333333
89,John Pawlowski,R,74,175,0,0,0.933333333
90,Jack Hardy,R,74,175,0,0,0.933333333
91,Ron Musselman,R,74,185,0,0,1.028571429
92,Tony Chevez,R,71,177,0,0,0.752380952
93,Gary Ignasiak,R,71,185,0,0,0.828571429
94,Mike Smithson,L,80,215,0,0,1.714285714
95,Joe Skalski,R,75,190,0,0,1.142857143
96,Bert Bradley,B,73,190,0,0,1.00952381
97,Francisco Barrios,R,71,155,0,0,0.542857143
98,Reggie Ritter,L,74,195,0,0,1.123809524
99,Bob Babcock,R,77,210,0,0,1.466666667
100,Craig Eaton,R,71,175,0,0,0.733333333
101,Roy Branch,R,72,175,0,0,0.8
102,Rob Woodward,R,75,185,0,0,1.095238095
103,Bob Veselic,R,72,175,0,0,0.8
104,Chuck Hockenbery,B,73,195,0,0,1.057142857
105,Bob Ferris,R,78,225,0,0,1.676190476
106,Gary Wheelock,R,75,205,0,0,1.285714286
107,Mike Rochford,L,76,205,0,0,1.352380952
108,Jeff Schneider,B,75,195,0,0,1.19047619
109,Luis Encarnacion,R,70,178,0,0,0.695238095
110,Rick Kreuger,R,74,185,0,0,1.028571429
111,Angel Moreno,L,69,165,0,0,0.504761905
112,Roger Weaver,R,75,190,0,0,1.142857143
113,Chris Knapp,R,77,195,0,0,1.323809524
114,Don Welchel,R,76,205,0,0,1.352380952
115,Randy Wiles,L,73,185,0,0,0.961904762
116,Dewey Robinson,R,72,180,0,0,0.847619048
117,Tony Arnold,R,71,170,0,0,0.685714286
118,Jeff Schattinger,L,77,200,0,0,1.371428571
119,Ike Brookens,R,77,170,0,0,1.085714286
120,Win Remmerswaal,R,74,160,0,0,0.79047619
121,Jeff Peterek,R,74,195,0,0,1.123809524
122,Jeff Shaver,R,75,195,0,0,1.19047619
123,Pete Filson,B,74,195,0,0,1.123809524
124,Jim Gideon,R,75,190,0,0,1.142857143
125,Jeff Twitty,L,74,185,0,0,1.028571429
126,Steve Cummings,B,74,200,0,0,1.171428571
127,Jose Cecena,R,71,180,0,0,0.780952381
128,Greg Erardi,R,73,190,0,0,1.00952381
129,Jim Farr,R,73,195,0,0,1.057142857
130,Frank Dimichele,R,75,205,0,0,1.285714286
131,Mike Warren,R,73,175,0,0,0.866666667
132,Bill Fulton,R,75,195,0,0,1.19047619
133,Larry Anderson,R,75,190,0,0,1.142857143
134,Craig Mitchell,R,75,180,0,0,1.047619048
135,Alfredo Martinez,R,75,185,0,0,1.095238095
136,Joel Davis,L,77,205,0,0,1.419047619
137,Bill Mooneyham,R,72,175,0,0,0.8
138,John Hobbs,R,75,190,0,0,1.142857143
139,Karl Best,R,76,190,0,0,1.20952381
140,Steve Barr,L,76,200,0,0,1.304761905
141,Luis Sanchez,R,74,170,0,0,0.885714286
142,Mike Brown,R,74,195,0,0,1.123809524
143,Steve Davis,L,73,195,0,0,1.057142857
144,Jeff Rineer,L,76,205,0,0,1.352380952
145,Mark Mercer,L,77,220,0,0,1.561904762
146,John Caneira,R,75,180,0,0,1.047619048
147,Clint Zavaras,R,73,175,0,0,0.866666667
148,Mike Parrott,R,76,210,0,0,1.4
149,Luis Aponte,R,72,185,0,0,0.895238095
150,Paul Boris,R,74,200,0,0,1.171428571
151,De Wayne Buice,R,72,170,0,0,0.752380952
152,Mark Esser,R,73,190,0,0,1.00952381
153,Daryl Smith,R,76,185,0,0,1.161904762
154,Dave Smith,R,73,190,0,0,1.00952381
155,Dave Stapleton,L,73,185,0,0,0.961904762
156,Tom Klawitter,R,74,190,0,0,1.076190476
157,Gary Christenson,L,77,200,0,0,1.371428571
158,Jim Wright,R,77,205,0,0,1.419047619
159,Jim Wright,R,73,165,0,0,0.771428571
160,Mike Kinnunen,L,73,185,0,0,0.961904762
161,Dave Rajsich,L,77,175,0,0,1.133333333
162,Ramon Pena,R,70,155,0,0,0.476190476
163,Chico Escarrega,R,71,185,0,0,0.828571429
164,Cardell Camper,R,75,208,0,0,1.314285714
165,Mike Overy,R,74,190,0,0,1.076190476
166,Craig Chamberlain,R,73,190,0,0,1.00952381
167,Frank Eufemia,R,71,185,0,0,0.828571429
168,Jack Lazorko,R,71,200,0,0,0.971428571
169,Mike Paxton,R,71,190,0,0,0.876190476
170,Rickey Keeton,R,74,190,0,0,1.076190476
171,Terry Felton,R,73,180,0,0,0.914285714
172,Mark Clear,R,76,200,0,0,1.304761905
173,Mike Pazik,L,74,195,0,0,1.123809524
174,Rich Barnes,R,76,186,0,0,1.171428571
175,Dave Frost,R,78,235,0,0,1.771428571
176,Mark Souza,L,72,180,0,0,0.847619048
177,Rick Jones,L,77,190,0,0,1.276190476
178,Jim Dorsey,R,79,190,0,0,1.40952381
179,Mark Ciardi,R,72,180,0,0,0.847619048
180,Dennis Burtt,R,72,180,0,0,0.847619048
181,Rich Yett,R,74,187,0,0,1.047619048
182,Matt Williams,R,73,200,0,0,1.104761905
183,Jim Burton,R,75,195,0,0,1.19047619
184,Rick Anderson,R,74,210,0,0,1.266666667
185,Charlie Mitchell,R,75,170,0,0,0.952380952
186,Bill Paschall,R,72,175,0,0,0.8
187,John Bohnet,B,72,175,0,0,0.8
188,Byron McLaughlin,R,73,175,0,0,0.866666667
189,Luis Quintana,L,74,175,0,0,0.933333333
190,Keith Macwhorter,R,76,190,0,0,1.20952381
191,Jaime Cocanower,R,76,200,0,0,1.304761905
192,Jeff Sellers,R,73,175,0,0,0.866666667
193,Steve Senteney,R,74,205,0,0,1.219047619
194,Howard Bailey,R,72,195,0,0,0.99047619
195,Jeff Bettendorf,R,75,180,0,0,1.047619048
196,Bob Davidson,R,72,185,0,0,0.895238095
197,Brian Snyder,L,75,185,0,0,1.095238095
198,Carlos Velazquez,R,71,180,0,0,0.780952381
199,Roger Miller,R,75,200,0,0,1.238095238
200,Willie Mueller,R,76,220,0,0,1.495238095
201,John Flinn,R,72,175,0,0,0.8
202,Les Straker,R,73,193,0,0,1.038095238
203,Don Kainer,R,75,205,0,0,1.285714286
204,Don Gordon,R,73,175,0,0,0.866666667
205,Sandy Wihtol,R,73,195,0,0,1.057142857
206,Jeff Richardson,R,75,185,0,0,1.095238095
207,Dennis DeBarr,L,74,190,0,0,1.076190476
208,Jay Pettibone,R,76,182,0,0,1.133333333
209,Glen Cook,R,71,180,0,0,0.780952381
210,Bill Castro,R,71,170,0,0,0.685714286
211,Ed Hodge,L,74,192,0,0,1.095238095
212,Tom Buskey,R,75,200,0,0,1.238095238
213,Bruce Taylor,R,72,178,0,0,0.828571429
214,Stan Thomas,R,74,185,0,0,1.028571429
215,Larry Monroe,R,76,200,0,0,1.304761905
216,Roger Slagle,R,75,190,0,0,1.142857143
217,Jim Campbell,L,71,175,0,0,0.733333333
218,Curt Kaufman,R,74,175,0,0,0.933333333
219,De Wayne Vaughn,R,71,180,0,0,0.780952381
220,Bob Galasso,L,73,205,0,0,1.152380952
221,Rich Wortham,R,72,185,0,0,0.895238095
222,Juan Nieves,L,75,175,0,0,1
223,Mike Bacsik,R,74,180,0,0,0.980952381
224,Phil Huffman,R,74,180,0,0,0.980952381
225,Steve Brown,R,77,200,0,0,1.371428571
226,Rick Lysander,R,74,190,0,0,1.076190476
227,Mel Stottlemyre,R,72,190,0,0,0.942857143
228,Alex Sanchez,R,74,185,0,0,1.028571429
229,Paul Wilmet,R,71,170,0,0,0.685714286
230,Bruce Ellingsen,L,72,180,0,0,0.847619048
231,Gorman Heimueller,L,76,195,0,0,1.257142857
232,Fred Howard,R,75,190,0,0,1.142857143
233,John Hoover,R,74,190,0,0,1.076190476
234,Mike Walters,R,77,203,0,0,1.4
235,Colby Ward,R,74,185,0,0,1.028571429
236,Chuck Porter,R,75,187,0,0,1.114285714
237,Tom Dozier,R,74,190,0,0,1.076190476
238,Rick Steirer,R,76,200,0,0,1.304761905
239,Al Lachowicz,R,75,198,0,0,1.219047619
240,Tom McCarthy,R,72,180,0,0,0.847619048
241,Jim Lewis,R,75,190,0,0,1.142857143
242,Dan Morogiello,L,73,200,0,0,1.104761905
243,Shawn Holman,R,74,185,0,0,1.028571429
244,Alan Wirth,R,76,190,0,0,1.20952381
245,Terry Wilshusen,R,74,210,0,0,1.266666667
246,Steve Ellsworth,R,80,220,0,0,1.761904762
247,Bryan Kelly,R,74,195,0,0,1.123809524
248,John Leister,R,74,200,0,0,1.171428571
249,Don Cooper,R,73,185,0,0,0.961904762
250,Jeff Jones,R,75,210,0,0,1.333333333
251,John Poloni,L,77,210,0,0,1.466666667
252,Mike Willis,L,74,205,0,0,1.219047619
253,Stefan Wever,R,80,245,0,0,2
254,Dave Johnson,R,73,183,0,0,0.942857143
255,Jerry Augustine,L,72,183,0,0,0.876190476
256,Jeff Holly,L,77,210,0,0,1.466666667
257,Eric Hetzel,R,75,175,0,0,1
258,Dave Lemanczyk,R,76,235,0,0,1.638095238
259,Al Jones,R,76,210,0,0,1.4
260,Sam Hinds,R,78,215,0,0,1.580952381
261,Clay Christiansen,R,77,205,0,0,1.419047619
262,Larry Rothschild,L,74,180,0,0,0.980952381
263,Gary Lance,B,75,195,0,0,1.19047619
264,Larry Pashnick,R,75,205,0,0,1.285714286
265,Todd Fischer,R,70,170,0,0,0.619047619
266,Dean Chance,R,75,200,0.066,1,1.238095238
267,Vida Blue,B,72,189,0.104,1,0.933333333
268,Mickey Lolich,B,73,170,0.11,1,0.819047619
269,Jack Billingham,R,76,195,0.111,1,1.257142857
270,Bob Veale,B,78,212,0.114,1,1.552380952
271,Steve Barber,L,72,195,0.115,5,0.99047619
272,Jerry Koosman,R,74,205,0.119,2,1.219047619
273,Burt Hooton,R,73,210,0.123,4,1.2
274,Ray Culp,R,72,200,0.123,1,1.038095238
275,Fred Norman,B,68,155,0.125,1,0.342857143
276,Al Downing,R,71,175,0.127,1,0.733333333
277,Joaquin Andujar,B,72,170,0.127,5,0.752380952
278,Denny Lemaster,R,73,182,0.13,4,0.933333333
279,Gaylord Perry,R,76,205,0.131,6,1.352380952
280,Randy Jones,R,72,178,0.132,1,0.828571429
281,Mario Soto,R,72,174,0.132,1,0.79047619
282,Denny McLain,R,73,185,0.133,1,0.961904762
283,Dave McNally,R,71,185,0.133,9,0.828571429
284,Joe Horlen,R,72,170,0.134,0,0.752380952
285,Larry Dierker,R,76,215,0.136,4,1.447619048
286,Jim Lonborg,R,77,200,0.136,3,1.371428571
287,Bob Knepper,L,75,195,0.137,6,1.19047619
288,Gary Nolan,R,74,197,0.138,1,1.142857143
289,Steve Rogers,R,74,175,0.138,0,0.933333333
290,Woodie Fryman,R,75,197,0.138,2,1.20952381
291,Don Sutton,R,73,185,0.144,0,0.961904762
292,Don Wilson,R,74,195,0.146,1,1.123809524
293,Ray Burris,R,77,200,0.151,1,1.371428571
294,Tom Seaver,R,73,195,0.154,12,1.057142857
295,Sam McDowell,L,77,190,0.154,2,1.276190476
296,Joe Niekro,R,73,185,0.156,1,0.961904762
297,Carl Morton,R,72,200,0.156,7,1.038095238
298,Tommy John,R,75,180,0.157,5,1.047619048
299,Ron Reed,R,78,215,0.158,0,1.580952381
300,Fritz Peterson,B,72,185,0.159,2,0.895238095
301,Mel Stottlemyre,R,73,178,0.16,7,0.895238095
302,John Vukovich,R,73,187,0.161,6,0.980952381
303,Jim Barr,R,75,205,0.162,1,1.285714286
304,Ken Holtzman,R,74,175,0.163,2,0.933333333
305,Luis Tiant,R,72,180,0.164,5,0.847619048
306,Fergie Jenkins,R,77,205,0.165,13,1.419047619
307,Juan Marichal,R,72,185,0.165,4,0.895238095
308,Jerry Reuss,L,77,200,0.167,1,1.371428571
309,J.R. Richard,R,80,222,0.168,10,1.780952381
310,Phil Niekro,R,73,180,0.169,7,0.914285714
311,Andy Messersmith,R,73,200,0.17,5,1.104761905
312,John Denny,R,75,185,0.17,0,1.095238095
313,Steve Blass,R,72,165,0.172,1,0.704761905
314,Sonny Siebert,R,75,190,0.173,12,1.142857143
315,Ray Oyler,R,71,165,0.175,15,0.638095238
316,Tommy Dean,R,72,165,0.18,4,0.704761905
317,Dick Ruthven,R,75,190,0.183,1,1.142857143
318,Bill Plummer,R,73,190,0.188,14,1.00952381
319,Ron Clark,R,70,175,0.189,5,0.666666667
320,Ray Sadecki,L,71,180,0.191,5,0.780952381
321,Tony Cloninger,R,72,210,0.192,11,1.133333333
322,Mike Ryan,R,74,205,0.193,28,1.219047619
323,Mike Krukow,R,77,205,0.193,5,1.419047619
324,Luis Pujols,R,74,175,0.193,6,0.933333333
325,Dave Roberts,L,75,195,0.194,7,1.19047619
326,Rick Wise,R,73,180,0.195,15,0.914285714
327,Rich Morales,R,71,170,0.195,6,0.685714286
328,Dan Briggs,L,72,180,0.195,12,0.847619048
329,Jim French,L,68,180,0.196,5,0.580952381
330,Bob Davis,R,72,180,0.197,6,0.847619048
331,Doug Camilli,R,71,195,0.199,18,0.923809524
332,Frank Fernandez,R,72,185,0.199,39,0.895238095
333,Orlando Mercado,R,72,180,0.199,7,0.847619048
334,Bob Uecker,R,73,190,0.2,14,1.00952381
335,Tom Egan,R,76,218,0.2,22,1.476190476
336,John Hale,L,74,195,0.201,14,1.123809524
337,Jim Maloney,L,74,190,0.201,7,1.076190476
338,Steve Carlton,L,76,210,0.201,13,1.4
339,Jim Rooker,R,72,195,0.201,7,0.99047619
340,Doug Frobel,L,76,196,0.201,20,1.266666667
341,Jim Mason,L,74,185,0.203,12,1.028571429
342,Jerry Zimmerman,R,74,185,0.204,3,1.028571429
343,Don Mason,L,71,160,0.205,3,0.59047619
344,Tom Nieto,R,73,193,0.205,5,1.038095238
345,George Smith,R,70,170,0.205,9,0.619047619
346,Buddy Biancalana,B,71,160,0.205,6,0.59047619
347,Steve Huntz,B,73,204,0.206,16,1.142857143
348,Dick Simpson,R,76,176,0.207,15,1.076190476
349,Tom Lawless,R,71,170,0.207,2,0.685714286
350,Jackie Hernandez,R,71,165,0.208,12,0.638095238
351,Bobby Klaus,R,70,170,0.208,6,0.619047619
352,Steve Jeltz,B,71,180,0.21,5,0.780952381
353,Luis Gomez,R,69,150,0.21,0,0.361904762
354,Jack Heidemann,R,72,175,0.211,9,0.8
355,Terry Humphrey,R,75,185,0.211,6,1.095238095
356,Jerry Narron,L,75,205,0.211,21,1.285714286
357,Rusty Torres,B,70,175,0.212,35,0.666666667
358,Angel Salazar,R,72,180,0.212,2,0.847619048
359,Ned Yost,R,73,190,0.212,16,1.00952381
360,Rudy Meoli,L,69,165,0.212,2,0.504761905
361,Dave Nicholson,R,74,215,0.212,61,1.314285714
362,Dave Hilton,R,71,191,0.213,6,0.885714286
363,Alan Knicely,R,72,190,0.213,12,0.942857143
364,Ken Rudolph,R,73,180,0.213,6,0.914285714
365,Curt Motton,R,68,164,0.213,25,0.428571429
366,Dick Tracewski,R,71,160,0.213,8,0.59047619
367,Dave Campbell,R,73,180,0.213,20,0.914285714
368,Bob Forsch,R,76,200,0.213,12,1.304761905
369,Mick Kelleher,R,69,176,0.213,0,0.60952381
370,Luis Alvarado,R,69,162,0.214,5,0.476190476
371,Dave Duncan,R,74,190,0.214,109,1.076190476
372,Jim Price,R,72,192,0.214,18,0.961904762
373,Jeff Torborg,R,72,195,0.214,8,0.99047619
374,Hal King,L,73,200,0.214,24,1.104761905
375,Frank Quilici,R,73,170,0.214,5,0.819047619
376,Larry Haney,R,74,195,0.215,12,1.123809524
377,Phil Roof,R,74,190,0.215,43,1.076190476
378,Jose Arcia,R,75,170,0.215,1,0.952380952
379,Mario Mendoza,R,71,170,0.215,4,0.685714286
380,Steve Renko,R,77,230,0.215,6,1.657142857
381,Tom Matchick,L,73,173,0.215,4,0.847619048
382,Skip Jutze,R,71,190,0.215,3,0.876190476
383,Bobby Wine,R,73,187,0.215,30,0.980952381
384,Hector Torres,R,72,175,0.216,18,0.8
385,Joe Lovitto,B,72,185,0.216,4,0.895238095
386,Steve Swisher,R,74,205,0.216,20,1.219047619
387,Pat Corrales,R,72,180,0.216,4,0.847619048
388,Billy Bryan,L,76,200,0.216,41,1.304761905
389,Howie Goss,R,76,204,0.216,11,1.342857143
390,Fred Stanley,R,70,165,0.216,10,0.571428571
391,John Stephenson,L,71,180,0.216,12,0.780952381
392,Dal Maxvill,R,71,157,0.217,6,0.561904762
393,Vic Harris,B,71,165,0.217,13,0.638095238
394,Darrel Chaney,B,74,188,0.217,14,1.057142857
395,Jim Anderson,R,72,170,0.218,13,0.752380952
396,Stan Papi,R,72,170,0.218,7,0.752380952
397,Tucker Ashford,R,73,195,0.218,6,1.057142857
398,Ted Ford,R,70,180,0.219,17,0.714285714
399,Craig Robinson,R,70,165,0.219,0,0.571428571
400,John Boccabella,R,73,195,0.219,26,1.057142857
401,Al Weis,B,72,160,0.219,7,0.657142857
402,Jerry Buchek,R,71,185,0.22,22,0.828571429
403,Tim Cullen,R,73,185,0.22,9,0.961904762
404,Ed Crosby,L,74,175,0.22,0,0.933333333
405,Danny Ainge,R,76,175,0.22,2,1.066666667
406,Jim Nettles,L,72,186,0.22,16,0.904761905
407,Pedro Garcia,R,70,175,0.22,37,0.666666667
408,Rick Auerbach,R,72,165,0.22,9,0.704761905
409,Todd Cruz,R,72,175,0.22,34,0.8
410,Mike Fischlin,R,73,165,0.22,3,0.771428571
411,Ellie Hendricks,L,73,175,0.22,62,0.866666667
412,Bob Coluccio,R,71,183,0.22,26,0.80952381
413,Duffy Dyer,R,72,187,0.221,30,0.914285714
414,Larry Cox,R,70,178,0.221,12,0.695238095
415,Ken Gerhart,R,72,190,0.221,24,0.942857143
416,Gary Allenson,R,71,185,0.221,19,0.828571429
417,Bob Jones,L,74,195,0.221,20,1.123809524
418,Rick Renick,R,72,188,0.221,20,0.923809524
419,Kevin Bell,R,72,195,0.222,13,0.99047619
420,Johnnie LeMaster,R,74,165,0.222,22,0.838095238
421,Danny Walton,R,72,195,0.223,28,0.99047619
422,Joe Lahoud,L,73,198,0.223,65,1.085714286
423,Marc Hill,R,75,205,0.223,34,1.285714286
424,Nelson Mathews,R,76,195,0.223,22,1.257142857
425,Tim Johnson,L,73,170,0.223,0,0.819047619
426,Sam Bowens,R,73,188,0.223,45,0.99047619
427,Andres Mora,R,72,180,0.223,27,0.847619048
428,Jimmie Schaffer,R,69,170,0.223,11,0.552380952
429,Jeff Newman,R,74,215,0.224,63,1.314285714
430,Ed Brinkman,R,72,170,0.224,60,0.752380952
431,Enzo Hernandez,R,68,155,0.224,2,0.342857143
432,Carmen Fanzone,R,72,200,0.224,20,1.038095238
433,Roger Repoz,L,75,190,0.224,82,1.142857143
434,Dick Nen,L,74,200,0.224,21,1.171428571
435,Bob Burda,L,71,174,0.224,13,0.723809524
436,Buck Martinez,R,70,190,0.225,58,0.80952381
437,Bobby Cox,R,71,180,0.225,9,0.780952381
438,Tom Satriano,L,73,185,0.225,21,0.961904762
439,Paul Casanova,R,76,180,0.225,50,1.114285714
440,Hector Cruz,R,71,170,0.225,39,0.685714286
441,Tim Laudner,R,75,212,0.225,77,1.352380952
442,Gorman Thomas,R,74,210,0.225,268,1.266666667
443,Rich McKinney,R,71,185,0.225,20,0.828571429
444,John Kennedy,R,72,185,0.225,32,0.895238095
445,Tommie Reynolds,R,74,190,0.226,12,1.076190476
446,Mike Richardt,R,72,170,0.226,4,0.752380952
447,Mike Sadek,R,69,165,0.226,5,0.504761905
448,Jim Gosger,L,71,185,0.226,30,0.828571429
449,Buddy Bradford,R,71,170,0.226,52,0.685714286
450,Nate Oliver,R,70,160,0.226,2,0.523809524
451,Catfish Hunter,R,72,190,0.226,6,0.942857143
452,Bob Barton,R,72,175,0.226,9,0.8
453,Pete Mackanin,R,74,190,0.226,30,1.076190476
454,Johnny Lewis,L,73,189,0.227,22,1
455,Sal Butera,R,72,190,0.227,8,0.942857143
456,Dick Billings,R,73,195,0.227,16,1.057142857
457,Chris Bando,B,72,195,0.227,27,0.99047619
458,Larry Lintz,B,69,150,0.227,0,0.361904762
459,Mike Fiore,L,72,175,0.227,13,0.8
460,Bill Voss,L,74,160,0.227,19,0.79047619
461,Jim Traber,L,72,194,0.227,27,0.980952381
462,Ken Suarez,R,69,175,0.227,5,0.6
463,Joe Nossek,R,72,178,0.228,3,0.828571429
464,Mark Belanger,R,73,170,0.228,20,0.819047619
465,Steve Yeager,R,72,190,0.228,102,0.942857143
466,Brian Giles,R,73,165,0.228,10,0.771428571
467,Hal Lanier,R,74,180,0.228,8,0.980952381
468,Russ Gibson,R,73,195,0.228,8,1.057142857
469,Tim Blackwell,B,71,170,0.228,6,0.685714286
470,Wayne Comer,R,70,175,0.229,16,0.666666667
471,Dave McKay,B,73,195,0.229,21,1.057142857
472,Bob Didier,B,72,190,0.229,0,0.942857143
473,Mike Champion,R,72,185,0.229,2,0.895238095
474,Dick Phillips,L,72,180,0.229,12,0.847619048
475,Duane Walker,L,72,185,0.229,24,0.895238095
476,Vic Correll,R,70,185,0.229,29,0.761904762
477,Glenn Borgmann,R,76,210,0.229,16,1.4
478,Tommie Aaron,R,75,190,0.229,13,1.142857143
479,Dave Hostetler,R,76,215,0.229,37,1.447619048
480,Doug Clemens,L,72,180,0.229,12,0.847619048
481,Don Leppert,R,74,220,0.229,15,1.361904762
482,Mike Brumley,L,70,195,0.229,5,0.857142857
483,Gene Michael,B,74,183,0.229,15,1.00952381
484,Syd O'Brien,R,73,185,0.23,24,0.961904762
485,Billy Smith,B,74,185,0.23,17,1.028571429
486,Steve Whitaker,L,72,180,0.23,24,0.847619048
487,Lenn Sakata,R,69,160,0.23,25,0.457142857
488,Cap Peterson,R,74,195,0.23,19,1.123809524
489,Sandy Valdespino,L,68,170,0.23,7,0.485714286
490,Barry Foote,R,75,205,0.23,57,1.285714286
491,Gary Alexander,R,74,195,0.23,55,1.123809524
492,John Bateman,R,75,210,0.23,81,1.333333333
493,Winston Llenas,R,70,165,0.23,3,0.571428571
494,Brad Wellman,R,72,170,0.231,6,0.752380952
495,Ted Kubiak,B,72,175,0.231,13,0.8
496,Roger Metzger,B,72,165,0.231,5,0.704761905
497,Ken Walters,R,73,180,0.231,11,0.914285714
498,Jim Beauchamp,R,74,190,0.231,14,1.076190476
499,Elio Chacon,R,69,160,0.232,4,0.457142857
500,Vern Fuller,R,73,170,0.232,14,0.819047619
501,Larry Stahl,L,72,175,0.232,36,0.8
502,Bob Tillman,R,76,205,0.232,79,1.352380952
503,Ron Gardenhire,R,72,175,0.232,4,0.8
504,Buck Rodgers,B,74,190,0.232,31,1.076190476
505,Frank Duffy,R,73,180,0.232,26,0.914285714
506,Steve Lombardozzi,R,72,175,0.233,20,0.8
507,Larry Brown,R,70,160,0.233,47,0.523809524
508,Jake Gibbs,L,72,180,0.233,25,0.847619048
509,Wayne Gross,L,74,210,0.233,121,1.266666667
510,Coco Laboy,R,70,165,0.233,28,0.571428571
511,Bob Kearney,R,72,190,0.233,27,0.942857143
512,Ron Woods,R,70,168,0.233,26,0.6
513,Paul Popovich,B,72,175,0.233,14,0.8
514,Joe Lis,R,72,175,0.233,32,0.8
515,Terry Harmon,R,74,180,0.233,4,0.980952381
516,Clay Dalrymple,L,72,190,0.233,55,0.942857143
517,Ted Savage,R,73,185,0.233,34,0.961904762
518,Ron Davis,R,72,175,0.233,10,0.8
519,Andres Thomas,R,73,170,0.234,42,0.819047619
520,Rick Sweet,B,73,200,0.234,6,1.104761905
521,Rob Picciolo,R,74,185,0.234,17,1.028571429
522,Jerry May,R,74,190,0.234,15,1.076190476
523,Bill Sudakis,B,73,190,0.234,59,1.00952381
524,Len Matuszek,L,74,190,0.234,30,1.076190476
525,Fred Kendall,R,73,185,0.234,31,0.961904762
526,Jerry Dybzinski,R,74,180,0.234,3,0.980952381
527,Jim Fairey,L,70,190,0.235,7,0.80952381
528,Andy Etchebarren,R,73,190,0.235,49,1.00952381
529,Tim Harkness,L,74,182,0.235,14,1
530,Cesar Gutierrez,R,69,155,0.235,0,0.40952381
531,Chris Cannizzaro,R,72,190,0.235,18,0.942857143
532,Julio Gonzalez,R,71,162,0.235,4,0.60952381
533,Bobby Mitchell,R,75,185,0.235,21,1.095238095
534,Fernando Gonzalez,R,70,165,0.235,17,0.571428571
535,Dalton Jones,L,73,180,0.235,41,0.914285714
536,Phil Linz,R,73,180,0.235,11,0.914285714
537,Craig Kusick,R,75,210,0.235,46,1.333333333
538,Al Luplow,L,70,175,0.235,33,0.666666667
539,Dave Kingman,R,78,210,0.236,442,1.533333333
540,Kurt Bevacqua,R,72,180,0.236,27,0.847619048
541,Byron Browne,R,74,190,0.236,30,1.076190476
542,Billy Cowan,R,72,170,0.236,40,0.752380952
543,Paul Householder,B,72,180,0.236,29,0.847619048
544,George Mitterwald,R,74,195,0.236,76,1.123809524
545,Bobby Knoop,R,73,170,0.236,56,0.819047619
546,Danny Goodwin,L,73,195,0.236,13,1.057142857
547,Bud Harrelson,B,71,160,0.236,7,0.59047619
548,Woody Woodward,R,74,180,0.236,1,0.980952381
549,Andy Kosco,R,75,205,0.236,73,1.285714286
550,Randy Hundley,R,71,170,0.236,82,0.685714286
551,Rodney Scott,B,72,160,0.236,3,0.657142857
552,Eddie Leon,R,72,170,0.236,24,0.752380952
553,Dave Rosello,R,71,160,0.236,10,0.59047619
554,Dale Berra,R,72,180,0.236,49,0.847619048
555,Bob Meacham,B,73,175,0.236,8,0.866666667
556,Luis Aguayo,R,69,173,0.236,37,0.580952381
557,Billy Grabarkewitz,R,70,165,0.236,28,0.571428571
558,Don Hahn,R,73,180,0.236,7,0.914285714
559,Doug Ault,R,75,200,0.236,17,1.238095238
560,Ivan Murrell,R,74,195,0.236,33,1.123809524
561,Aurelio Rodriguez,R,70,180,0.237,124,0.714285714
562,Jimmy Stewart,B,72,165,0.237,8,0.704761905
563,Rafael Landestoy,B,70,165,0.237,4,0.571428571
564,Glenn Burke,R,72,195,0.237,2,0.99047619
565,Jerry McNertney,R,72,180,0.237,27,0.847619048
566,Curt Blefary,L,74,195,0.237,112,1.123809524
567,Dave Edwards,R,72,170,0.237,14,0.752380952
568,Julio Cruz,B,69,165,0.237,23,0.504761905
569,Ed Stroud,L,71,180,0.237,14,0.780952381
570,Harry Spilman,L,73,180,0.237,18,0.914285714
571,Jackie Gutierrez,R,71,175,0.237,4,0.733333333
572,Jerry Kenney,L,73,170,0.237,7,0.819047619
573,Gil Garrido,R,69,150,0.237,1,0.361904762
574,Ed Spiezio,R,71,180,0.238,39,0.780952381
575,Rick Rhoden,R,75,195,0.238,9,1.19047619
576,Don Lock,R,74,195,0.238,122,1.123809524
577,John Donaldson,L,71,160,0.238,4,0.59047619
578,Doug Flynn,R,71,165,0.238,7,0.638095238
579,Chuck Harrison,R,70,185,0.238,17,0.761904762
580,Doc Edwards,R,74,215,0.238,15,1.314285714
581,Phil Gagliano,R,73,180,0.238,14,0.914285714
582,Ty Cline,L,72,170,0.238,6,0.752380952
583,Ron Roenicke,B,72,180,0.238,17,0.847619048
584,Norm Miller,L,70,185,0.238,24,0.761904762
585,Ed Kirkpatrick,L,71,195,0.238,85,0.923809524
586,Wayne Garrett,L,71,175,0.239,61,0.733333333
587,Chuck Schilling,R,70,160,0.239,23,0.523809524
588,Dave Roberts,R,75,215,0.239,49,1.380952381
589,Bernie Allen,L,72,175,0.239,73,0.8
590,Bruce Bochy,R,75,205,0.239,26,1.285714286
591,Duke Sims,L,74,197,0.239,100,1.142857143
592,Joe Hague,L,72,195,0.239,40,0.99047619
593,Bobby Clark,R,72,190,0.239,19,0.942857143
594,Onix Concepcion,R,66,160,0.239,3,0.257142857
595,Kiko Garcia,R,71,180,0.239,12,0.780952381
596,Charley Smith,R,73,170,0.239,69,0.819047619
597,Ken Phelps,L,73,209,0.239,123,1.19047619
598,Ron Brand,R,67,167,0.239,3,0.39047619
599,Ken Harrelson,R,74,190,0.239,131,1.076190476
600,Mike Ramsey,B,73,170,0.24,2,0.819047619
601,Mike Phillips,L,72,170,0.24,11,0.752380952
602,Ron Hodges,L,73,185,0.24,19,0.961904762
603,Ted Martinez,R,72,165,0.24,7,0.704761905
604,Ed Herrmann,L,73,195,0.24,80,1.057142857
605,Gary Gray,R,72,187,0.24,24,0.914285714
606,Dick Green,R,70,180,0.24,80,0.714285714
607,Domingo Ramos,R,70,154,0.24,8,0.466666667
608,Bill Schroeder,R,74,200,0.24,61,1.171428571
609,Pepe Frias,R,70,159,0.24,1,0.514285714
610,Joe Ferguson,R,74,200,0.24,122,1.171428571
611,Chico Ruiz,B,72,169,0.24,2,0.742857143
612,Rod Kanehl,R,73,180,0.241,6,0.914285714
613,Frank Tepedino,L,71,185,0.241,6,0.828571429
614,Dave Skaggs,R,74,200,0.241,3,1.171428571
615,Mike Tyson,R,69,170,0.241,27,0.552380952
616,Mickey Klutts,R,71,170,0.241,14,0.685714286
617,Bill Fahey,L,72,200,0.241,7,1.038095238
618,Tom Veryzer,R,73,175,0.241,14,0.866666667
619,Ron Stone,L,74,185,0.241,6,1.028571429
620,Bill Nahorodny,R,74,200,0.241,25,1.171428571
621,Joe Gaines,R,73,190,0.241,21,1.00952381
622,Hank Allen,R,72,190,0.241,6,0.942857143
623,Gene Tenace,R,72,190,0.241,201,0.942857143
624,Wayne Tolleson,B,69,160,0.241,9,0.457142857
625,Manny Castillo,B,69,160,0.242,3,0.457142857
626,Willie Norwood,R,72,185,0.242,18,0.895238095
627,Joe Simpson,L,75,175,0.242,9,1
628,Mike Hegan,L,73,188,0.242,53,0.99047619
629,Don Wert,R,70,162,0.242,77,0.542857143
630,Bob Robertson,R,73,195,0.242,115,1.057142857
631,Glenn Hoffman,R,73,175,0.242,23,0.866666667
632,Bruce Benedict,R,73,175,0.242,18,0.866666667
633,Johnny Edwards,L,76,220,0.242,81,1.495238095
634,Bob Brower,R,71,185,0.242,17,0.828571429
635,Ron Swoboda,R,74,195,0.242,73,1.123809524
636,Freddie Patek,R,65,148,0.242,41,0.076190476
637,Pepe Mangual,R,70,157,0.242,16,0.495238095
638,Marty Martinez,B,72,170,0.243,0,0.752380952
639,Darryl Motley,R,69,196,0.243,44,0.8
640,Ozzie Virgil,R,73,180,0.243,98,0.914285714
641,Chuck Hiller,L,71,170,0.243,20,0.685714286
642,Nate Colbert,R,74,190,0.243,173,1.076190476
643,Gary Woods,R,74,185,0.243,13,1.028571429
644,Bobby Mitchell,L,70,170,0.243,3,0.619047619
645,Steve Dillard,R,73,180,0.243,13,0.914285714
646,Rick Sofield,L,73,195,0.243,9,1.057142857
647,Mark Wagner,R,72,165,0.243,3,0.704761905
648,Rey Quinones,R,71,160,0.243,29,0.59047619
649,Hal Breeden,R,74,200,0.243,21,1.171428571
650,Mike Jorgensen,L,72,195,0.243,95,0.99047619
651,Rick Joseph,R,73,192,0.243,13,1.028571429
652,Gary Sutherland,R,72,185,0.243,24,0.895238095
653,Pedro Gonzalez,R,72,176,0.244,8,0.80952381
654,Johnny Jeter,R,73,180,0.244,18,0.914285714
655,Glenn Hubbard,R,69,150,0.244,70,0.361904762
656,Leroy Stanton,R,73,195,0.244,77,1.057142857
657,Ray Webster,L,72,185,0.244,17,0.895238095
658,Jim Essian,R,74,195,0.244,33,1.123809524
659,Deron Johnson,R,74,200,0.244,245,1.171428571
660,Paul Schaal,R,71,165,0.244,57,0.638095238
661,Dave Nelson,R,70,160,0.244,20,0.523809524
662,Joe Wallis,B,71,180,0.244,16,0.780952381
663,Mike Epstein,L,75,230,0.244,130,1.523809524
664,Floyd Rayford,R,70,190,0.244,38,0.80952381
665,Jack Brohamer,L,70,165,0.245,30,0.571428571
666,Angel Mangual,R,70,178,0.245,22,0.695238095
667,Roger Freed,R,72,190,0.245,22,0.942857143
668,Bobby Brown,B,74,190,0.245,26,1.076190476
669,Ted Cox,R,75,195,0.245,10,1.19047619
670,Roberto Pena,R,68,170,0.245,13,0.485714286
671,Sandy Alomar,B,69,140,0.245,13,0.266666667
672,Jody Davis,R,76,192,0.245,127,1.228571429
673,Tom Tresh,B,73,180,0.245,153,0.914285714
674,Doug Griffin,R,72,160,0.245,7,0.657142857
675,George Wright,B,71,180,0.245,42,0.780952381
676,Bryan Little,B,70,160,0.245,3,0.523809524
677,Alan Ashby,B,74,185,0.245,90,1.028571429
678,Ellie Rodriguez,R,71,185,0.245,16,0.828571429
679,Curt Ford,L,70,150,0.245,7,0.428571429
680,Tommy McCraw,L,72,183,0.246,75,0.876190476
681,Tom Brookens,R,70,165,0.246,71,0.571428571
682,Charlie Spikes,R,75,215,0.246,65,1.380952381
683,Joe Keough,L,72,185,0.246,9,0.895238095
684,Rafael Santana,R,73,165,0.246,13,0.771428571
685,Dave Marshall,L,73,182,0.246,16,0.933333333
686,Bruce Miller,R,73,185,0.246,1,0.961904762
687,Mike Anderson,R,74,200,0.246,28,1.171428571
688,Chris Speier,R,73,175,0.246,112,0.866666667
689,Marty Perez,R,71,160,0.246,22,0.59047619
690,Dwayne Murphy,L,73,185,0.246,166,0.961904762
691,Garry Hancock,L,72,175,0.247,12,0.8
692,Bucky Dent,R,69,170,0.247,40,0.552380952
693,Gary Roenicke,R,75,205,0.247,121,1.285714286
694,Lou Clinton,R,73,185,0.247,65,0.961904762
695,Adolfo Phillips,R,73,175,0.247,59,0.866666667
696,Dick McAuliffe,L,71,176,0.247,197,0.742857143
697,Mike Diaz,R,74,195,0.247,31,1.123809524
698,Darrell Porter,L,72,193,0.247,188,0.971428571
699,Marvell Wynne,L,71,175,0.247,40,0.733333333
700,Brant Alyea,R,75,215,0.247,38,1.380952381
701,Mike Lum,L,72,180,0.247,90,0.847619048
702,Earl Williams,R,75,215,0.247,138,1.380952381
703,Bob Heise,R,72,175,0.247,1,0.8
704,Max Alvis,R,71,185,0.247,111,0.828571429
705,Merritt Ranew,L,71,170,0.247,8,0.685714286
706,Bob Brenly,R,74,210,0.247,91,1.266666667
707,Ken Hubbs,R,74,175,0.247,14,0.933333333
708,Mike Young,B,74,195,0.247,72,1.123809524
709,Ed Romero,R,71,160,0.247,8,0.59047619
710,Darrell Evans,L,74,200,0.248,414,1.171428571
711,Jim Lyttle,L,72,180,0.248,9,0.847619048
712,Ken Boswell,L,72,170,0.248,31,0.752380952
713,Ken McMullen,R,75,190,0.248,156,1.142857143
714,Dick Howser,R,68,155,0.248,16,0.342857143
715,Willie Smith,L,72,182,0.248,46,0.866666667
716,Graig Nettles,L,72,180,0.248,390,0.847619048
717,Joe Foy,R,72,215,0.248,58,1.180952381
718,Tom Hutton,L,71,180,0.248,22,0.780952381
719,Danny Thompson,R,72,183,0.248,15,0.876190476
720,Jim Sundberg,R,72,190,0.248,95,0.942857143
721,Rob Wilfong,L,73,180,0.248,39,0.914285714
722,Ron Theobald,R,68,165,0.248,2,0.438095238
723,Carl Warwick,R,70,170,0.248,31,0.619047619
724,Butch Hobson,R,73,193,0.248,98,1.038095238
725,Mickey Stanley,R,73,185,0.248,117,0.961904762
726,Junior Kennedy,R,71,175,0.248,4,0.733333333
727,Rod Gilbreath,R,74,180,0.248,14,0.980952381
728,Steve Nicosia,R,70,185,0.248,11,0.761904762
729,Larry Harlow,L,74,185,0.248,12,1.028571429
730,Luis Melendez,R,72,165,0.248,9,0.704761905
731,Gary Thomasson,L,73,180,0.249,61,0.914285714
732,Tony Scott,B,72,164,0.249,17,0.695238095
733,Chico Salmon,R,70,160,0.249,31,0.523809524
734,Derrel Thomas,B,72,160,0.249,43,0.657142857
735,John Milner,L,72,185,0.249,131,0.895238095
736,Alex Trevino,R,70,165,0.249,23,0.571428571
737,Don Mincher,L,75,205,0.249,200,1.285714286
738,John Orsino,R,75,215,0.249,40,1.380952381
739,Jerry Royster,R,72,165,0.249,40,0.704761905
740,Tito Landrum,R,71,175,0.249,13,0.733333333
741,Tom Grieve,R,74,190,0.249,65,1.076190476
742,Denny Doyle,L,69,175,0.25,16,0.6
743,Dick Bertell,R,72,200,0.25,10,1.038095238
744,Johnny Oates,L,71,188,0.25,14,0.857142857
745,Terry Crowley,L,72,180,0.25,42,0.847619048
746,Rick Bosetti,R,71,185,0.25,17,0.828571429
747,Marv Breeding,R,72,175,0.25,7,0.8
748,Paul Blair,R,72,168,0.25,134,0.733333333
749,Jim Pankovits,R,70,170,0.25,9,0.619047619
750,Nick Esasky,R,75,200,0.25,122,1.238095238
751,Jim Spencer,L,74,195,0.25,146,1.123809524
752,Bob Stinson,B,71,180,0.25,33,0.780952381
753,Fran Healy,R,77,220,0.25,20,1.561904762
754,Joe Strain,R,70,169,0.25,1,0.60952381
755,Mike Edwards,R,70,154,0.25,2,0.466666667
756,Greg Pryor,R,72,180,0.25,14,0.847619048
757,Ruppert Jones,L,70,170,0.25,147,0.619047619
758,Jake Wood,R,73,163,0.25,35,0.752380952
759,Jimmy Wynn,R,70,160,0.25,291,0.523809524
760,Leron Lee,L,72,196,0.25,31,1
761,Denis Menke,R,72,185,0.25,101,0.895238095
762,Wilbur Howard,B,74,170,0.25,6,0.885714286
763,Otto Velez,R,72,170,0.251,78,0.752380952
764,Rico Petrocelli,R,72,175,0.251,210,0.8
765,Benny Ayala,R,73,185,0.251,38,0.961904762
766,Jim Lefebvre,B,72,180,0.251,74,0.847619048
767,Mike de la Hoz,R,71,175,0.251,25,0.733333333
768,U L Washington,B,71,175,0.251,27,0.733333333
769,Barry Evans,R,73,180,0.251,2,0.914285714
770,Lenny Faedo,R,72,170,0.251,5,0.752380952
771,Tim Foli,R,72,179,0.251,25,0.838095238
772,Albert Hall,B,71,155,0.251,5,0.542857143
773,Jack Hiatt,R,74,190,0.251,22,1.076190476
774,Jerry Martin,R,73,195,0.251,85,1.057142857
775,Sonny Jackson,L,69,150,0.251,7,0.361904762
776,Andre Robertson,R,70,155,0.251,5,0.476190476
777,Dave May,L,70,186,0.251,96,0.771428571
778,Bobby Darwin,R,74,190,0.251,83,1.076190476
779,Doug Rader,R,74,208,0.251,155,1.247619048
780,Rob Andrews,R,72,185,0.251,3,0.895238095
781,Jerry Moses,R,75,210,0.251,25,1.333333333
782,Jesse Gonder,L,70,180,0.251,26,0.714285714
783,Jim Hickman,R,75,192,0.252,159,1.161904762
784,Joe Azcue,R,72,190,0.252,50,0.942857143
785,Omar Moreno,L,74,180,0.252,37,0.980952381
786,Mike Hershberger,R,70,175,0.252,26,0.666666667
787,Dave Chalk,R,70,175,0.252,15,0.666666667
788,Don Kessinger,B,73,170,0.252,14,0.819047619
789,Mack Jones,L,73,180,0.252,133,0.914285714
790,Lynn Jones,R,69,175,0.252,7,0.6
791,Tony Armas,R,71,182,0.252,251,0.8
792,Jerry Grote,R,70,185,0.252,39,0.761904762
793,Fred Whitfield,L,73,190,0.253,108,1.00952381
794,Eddie Milner,L,71,173,0.253,42,0.714285714
795,Jerry White,B,70,164,0.253,21,0.561904762
796,John Mayberry,L,75,215,0.253,255,1.380952381
797,Larvell Blanks,R,68,167,0.253,20,0.457142857
798,John Lowenstein,L,72,175,0.253,116,0.8
799,Bill Melton,R,74,200,0.253,160,1.171428571
800,Rich Reese,L,75,185,0.253,52,1.095238095
801,Johnny Briggs,L,73,190,0.253,139,1.00952381
802,Terry Harper,R,76,195,0.253,36,1.257142857
803,Dan Meyer,L,71,180,0.253,86,0.780952381
804,Len Gabrielson,L,76,210,0.253,37,1.4
805,Roy Foster,R,72,185,0.253,45,0.895238095
806,Art Shamsky,L,73,168,0.253,68,0.8
807,Jerry Terrell,R,71,165,0.253,4,0.638095238
808,Ivan DeJesus,R,71,175,0.254,21,0.733333333
809,Sal Bando,R,72,195,0.254,242,0.99047619
810,Rich Chiles,L,71,170,0.254,6,0.685714286
811,Gene Alley,R,70,160,0.254,55,0.523809524
812,Pete Ward,L,73,185,0.254,98,0.961904762
813,Larry Milbourne,B,72,161,0.254,11,0.666666667
814,Felix Torres,R,71,165,0.254,27,0.638095238
815,Jimmie Hall,L,72,175,0.254,121,0.8
816,Bob Boone,R,74,195,0.254,105,1.123809524
817,Andre Thornton,R,75,200,0.254,253,1.238095238
818,Bill Almon,R,75,180,0.254,36,1.047619048
819,Brian Asselstine,L,73,175,0.254,12,0.866666667
820,Bo Diaz,R,71,185,0.255,87,0.828571429
821,Pat Putnam,L,72,205,0.255,63,1.085714286
822,Frank White,R,71,165,0.255,160,0.638095238
823,Tim Flannery,L,71,175,0.255,9,0.733333333
824,Ken Berry,R,72,175,0.255,58,0.8
825,Frank Taveras,R,72,155,0.255,2,0.60952381
826,Tony Solaita,L,72,210,0.255,50,1.133333333
827,Bob Dernier,R,72,160,0.255,23,0.657142857
828,Charlie James,R,73,195,0.255,29,1.057142857
829,Lee Thomas,L,74,195,0.255,106,1.123809524
830,Wallace Johnson,B,72,173,0.255,5,0.780952381
831,Tommie Agee,R,71,195,0.255,130,0.923809524
832,Champ Summers,L,74,205,0.255,54,1.219047619
833,Butch Wynegar,B,73,190,0.255,65,1.00952381
834,Mike Shannon,R,75,195,0.255,68,1.19047619
835,Bill Sharp,L,70,178,0.255,9,0.695238095
836,Juan Bonilla,R,69,170,0.256,7,0.552380952
837,Walt Bond,L,79,228,0.256,41,1.771428571
838,Cito Gaston,R,75,190,0.256,91,1.142857143
839,Billy Conigliaro,R,72,180,0.256,40,0.847619048
840,Horace Clarke,B,69,170,0.256,27,0.552380952
841,Craig Reynolds,L,73,175,0.256,42,0.866666667
842,Ike Brown,R,72,190,0.256,20,0.942857143
843,Boots Day,L,69,160,0.256,8,0.457142857
844,Ray Fosse,R,74,215,0.256,61,1.314285714
845,Bob Oliver,R,75,205,0.256,94,1.285714286
846,Tom O'Malley,L,72,180,0.256,13,0.847619048
847,Julian Javier,R,73,175,0.257,78,0.866666667
848,Ken Henderson,B,74,180,0.257,122,0.980952381
849,Rick Manning,L,73,180,0.257,56,0.914285714
850,Bob Randall,R,74,175,0.257,1,0.933333333
851,Roy Smalley,B,73,185,0.257,163,0.961904762
852,Gates Brown,L,71,220,0.257,84,1.161904762
853,Pete LaCock,L,74,200,0.257,27,1.171428571
854,Mario Guerrero,R,70,155,0.257,7,0.476190476
855,Biff Pocoroba,B,70,175,0.257,21,0.666666667
856,Len Randle,B,70,169,0.257,27,0.60952381
857,Bob Bailey,R,73,180,0.257,189,0.914285714
858,Jerry Turner,L,69,180,0.257,45,0.647619048
859,Tommy Harper,R,69,165,0.257,146,0.504761905
860,Tom Haller,L,76,195,0.257,134,1.257142857
861,Leo Cardenas,R,71,150,0.257,118,0.495238095
862,Rich Dauer,R,72,180,0.257,43,0.847619048
863,Dave Rader,L,71,165,0.257,30,0.638095238
864,Bill Robinson,R,74,189,0.258,166,1.066666667
865,Duane Josephson,R,72,190,0.258,23,0.942857143
866,Cesar Geronimo,L,72,165,0.258,51,0.704761905
867,Bob Montgomery,R,73,195,0.258,23,1.057142857
868,Steve Brye,R,72,190,0.258,30,0.942857143
869,Jerry Hairston,B,70,170,0.258,30,0.619047619
870,Mike Andrews,R,75,195,0.258,66,1.19047619
871,Cliff Johnson,R,76,215,0.258,196,1.447619048
872,Lou Johnson,R,71,170,0.258,48,0.685714286
873,Joe Lefebvre,L,70,170,0.258,31,0.619047619
874,Steve Hovley,L,70,188,0.258,8,0.79047619
875,Mike Cubbage,L,72,180,0.258,34,0.847619048
876,Joe Pepitone,L,74,185,0.258,219,1.028571429
877,Del Unser,L,73,180,0.258,87,0.914285714
878,Garth Iorg,R,71,170,0.258,20,0.685714286
879,Tony Muser,L,74,180,0.259,7,0.980952381
880,Mike Davis,L,74,175,0.259,91,0.933333333
881,Ron Jackson,R,72,200,0.259,56,1.038095238
882,Mickey Brantley,R,70,180,0.259,32,0.714285714
883,Clint Hurdle,L,75,195,0.259,32,1.19047619
884,Hosken Powell,L,73,175,0.259,17,0.866666667
885,Doug DeCinces,R,74,190,0.259,237,1.076190476
886,Ed Ott,L,70,190,0.259,33,0.80952381
887,Alan Wiggins,B,74,160,0.259,5,0.79047619
888,Lee Mazzilli,B,73,180,0.259,93,0.914285714
889,Jerry Morales,R,70,155,0.259,95,0.476190476
890,Bert Campaneris,R,70,160,0.259,79,0.523809524
891,Al Ferrara,R,73,200,0.259,51,1.104761905
892,Mark Brouhard,R,73,210,0.259,25,1.2
893,Rowland Office,L,72,170,0.259,32,0.752380952
894,John Stearns,R,72,185,0.26,46,0.895238095
895,Ed Goodson,L,75,180,0.26,30,1.047619048
896,Jim Morrison,R,71,175,0.26,112,0.733333333
897,Don Baylor,R,73,190,0.26,338,1.00952381
898,Ken Reitz,R,72,180,0.26,68,0.847619048
899,Art Howe,R,74,190,0.26,43,1.076190476
900,Larry Bowa,B,70,155,0.26,15,0.476190476
901,Jim Dwyer,L,70,165,0.26,77,0.571428571
902,Greg Walker,L,75,205,0.26,113,1.285714286
903,Brock Davis,L,70,160,0.26,1,0.523809524
904,Jim Wohlford,R,71,175,0.26,21,0.733333333
905,Julio Gotay,R,72,180,0.26,6,0.847619048
906,Mike Squires,L,71,185,0.26,6,0.828571429
907,Bobby Valentine,R,70,189,0.26,12,0.8
908,Phil Garner,R,70,175,0.26,109,0.666666667
909,Elliott Maddox,R,71,180,0.261,18,0.780952381
910,Ed Kranepool,L,75,205,0.261,118,1.285714286
911,Jeff Burroughs,R,73,200,0.261,240,1.104761905
912,Billy North,B,71,185,0.261,20,0.828571429
913,Dick Dietz,R,73,195,0.261,66,1.057142857
914,Jose Tartabull,L,71,165,0.261,2,0.638095238
915,Ron Washington,R,71,155,0.261,20,0.542857143
916,Roy Howell,L,73,190,0.261,80,1.00952381
917,Bob Chance,L,74,196,0.261,24,1.133333333
918,Charlie Moore,R,71,180,0.261,36,0.780952381
919,Rick Reichardt,R,75,210,0.261,116,1.333333333
920,Davey Johnson,R,73,170,0.261,136,0.819047619
921,Don Money,R,73,170,0.261,176,0.819047619
922,Ron Cey,R,70,185,0.261,316,0.761904762
923,Jason Thompson,L,76,200,0.261,208,1.304761905
924,John Wockenfuss,R,72,190,0.262,86,0.942857143
925,Scot Thompson,L,75,195,0.262,5,1.19047619
926,Dave Engle,R,75,210,0.262,31,1.333333333
927,Ted Sizemore,R,70,165,0.262,23,0.571428571
928,Willie Upshaw,L,72,185,0.262,123,0.895238095
929,Reggie Jackson,L,72,195,0.262,563,0.99047619
930,John Wathan,R,74,205,0.262,21,1.219047619
931,John Ellis,R,74,225,0.262,69,1.40952381
932,Bill Freehan,R,75,203,0.262,200,1.266666667
933,Joe Nolan,L,71,175,0.263,27,0.733333333
934,Bruce Boisclair,L,74,185,0.263,10,1.028571429
935,Cookie Rojas,R,70,160,0.263,54,0.523809524
936,Larry Parrish,R,75,190,0.263,256,1.142857143
937,Milt May,L,72,190,0.263,77,0.942857143
938,Al Gallagher,R,72,180,0.263,11,0.847619048
939,Richie Scheinblum,B,73,180,0.263,13,0.914285714
940,Ted Uhlaender,L,74,190,0.263,36,1.076190476
941,Davey Lopes,R,69,170,0.263,155,0.552380952
942,Manny Trillo,R,73,150,0.263,61,0.628571429
943,Bill Russell,R,72,175,0.263,46,0.8
944,Ed Charles,R,70,170,0.263,86,0.619047619
945,Eric Soderholm,R,71,187,0.264,102,0.847619048
946,Junior Moore,R,71,185,0.264,7,0.828571429
947,Chuck Hinton,R,73,180,0.264,113,0.914285714
948,Toby Harrah,R,72,175,0.264,195,0.8
949,Rick Monday,L,75,193,0.264,241,1.171428571
950,Jim Norris,L,70,175,0.264,7,0.666666667
951,Bernie Carbo,L,71,173,0.264,96,0.714285714
952,Bob Molinaro,L,72,190,0.264,14,0.942857143
953,Don Buford,B,67,160,0.264,93,0.323809524
954,Ken Retzer,L,72,185,0.264,14,0.895238095
955,Phil Mankowski,L,72,180,0.264,8,0.847619048
956,Pat Kelly,L,73,185,0.264,76,0.961904762
957,Bob Bailor,R,71,170,0.264,9,0.685714286
958,Joe Rudi,R,74,200,0.264,179,1.171428571
959,Tony Conigliaro,R,75,185,0.264,166,1.095238095
960,Oscar Gamble,L,71,160,0.265,200,0.59047619
961,Bombo Rivera,R,70,187,0.265,10,0.780952381
962,Dick Davis,R,75,190,0.265,27,1.142857143
963,Miguel Dilone,B,72,160,0.265,6,0.657142857
964,Bobby Tolan,L,71,170,0.265,86,0.685714286
965,Mike Brown,R,74,195,0.265,23,1.123809524
966,Joel Youngblood,R,72,180,0.265,80,0.847619048
967,Rich Coggins,L,68,170,0.265,12,0.485714286
968,Ron Oester,B,74,185,0.265,42,1.028571429
969,Jim Holt,L,72,180,0.265,19,0.847619048
970,Ollie Brown,R,74,178,0.265,102,0.961904762
971,Jim Fregosi,R,73,190,0.265,151,1.00952381
972,Daryl Sconiers,L,74,185,0.265,15,1.028571429
973,Dave Revering,L,76,210,0.265,62,1.4
974,Bump Wills,B,69,172,0.266,36,0.571428571
975,Jeffrey Leonard,R,74,200,0.266,144,1.171428571
976,Mitchell Page,L,74,205,0.266,72,1.219047619
977,Bobby Grich,R,74,180,0.266,224,0.980952381
978,Wayne Krenchicki,L,73,180,0.266,15,0.914285714
979,Carl Taylor,R,74,200,0.266,10,1.171428571
980,Boog Powell,L,76,230,0.266,339,1.59047619
981,Reid Nichols,R,71,165,0.266,22,0.638095238
982,Joe Charboneau,R,74,205,0.266,29,1.219047619
983,Gail Hopkins,L,70,198,0.266,25,0.885714286
984,Jay Johnstone,L,73,175,0.267,102,0.866666667
985,Dave Concepcion,R,74,155,0.267,101,0.742857143
986,Jim Northrup,L,75,190,0.267,153,1.142857143
987,Barbaro Garbey,R,70,170,0.267,11,0.619047619
988,Bill Stein,R,70,170,0.267,44,0.619047619
989,R.J. Reynolds,B,72,190,0.267,35,0.942857143
990,Johnny Bench,R,73,197,0.267,389,1.076190476
991,Lee May,R,75,195,0.267,354,1.19047619
992,Dan Driessen,L,71,187,0.267,153,0.847619048
993,Wes Parker,B,73,180,0.267,64,0.914285714
994,Leon Roberts,R,75,200,0.267,78,1.238095238
995,Mike Schmidt,R,74,195,0.267,548,1.123809524
996,Bubba Morton,R,70,175,0.267,14,0.666666667
997,Willie Crawford,L,73,197,0.268,86,1.076190476
998,George Vukovich,L,72,198,0.268,27,1.019047619
999,Ken Landreaux,L,70,165,0.268,91,0.571428571
1000,George Scott,R,74,200,0.268,271,1.171428571
1001,Tony Horton,R,75,210,0.268,76,1.333333333
1002,David Green,R,75,170,0.268,31,0.952380952
1003,Bobby Bonds,R,73,190,0.268,332,1.00952381
1004,Tito Fuentes,B,71,175,0.268,45,0.733333333
1005,Rick Leach,L,73,180,0.268,18,0.914285714
1006,Tom Poquette,L,70,175,0.268,10,0.666666667
1007,Rich Rollins,R,70,185,0.269,77,0.761904762
1008,Chris Brown,R,72,185,0.269,38,0.895238095
1009,Ron Pruitt,R,72,185,0.269,12,0.895238095
1010,Mike Ivie,R,75,205,0.269,81,1.285714286
1011,Tommy Helms,R,70,165,0.269,34,0.571428571
1012,Rick Miller,L,72,175,0.269,28,0.8
1013,Walt Williams,R,66,165,0.27,33,0.304761905
1014,Dan Ford,R,73,185,0.27,121,0.961904762
1015,Al Cowens,R,73,197,0.27,108,1.076190476
1016,Rufino Linares,R,72,170,0.27,11,0.752380952
1017,Paul Dade,R,73,185,0.27,10,0.961904762
1018,Tim Corcoran,L,71,175,0.27,12,0.733333333
1019,Jack Perconte,L,70,160,0.27,2,0.523809524
1020,Alan Bannister,R,71,170,0.27,19,0.685714286
1021,Merv Rettenmund,R,70,190,0.271,66,0.80952381
1022,Al Woods,L,75,190,0.271,35,1.142857143
1023,Rudy Law,L,73,165,0.271,18,0.771428571
1024,Duane Kuiper,L,72,175,0.271,1,0.8
1025,Joe Morgan,L,67,160,0.271,268,0.323809524
1026,Steve Braun,L,70,180,0.271,52,0.714285714
1027,Ray Knight,R,73,185,0.271,84,0.961904762
1028,Dave Stapleton,R,73,178,0.271,41,0.895238095
1029,Willie Aikens,L,75,220,0.271,110,1.428571429
1030,Broderick Perkins,L,70,180,0.271,8,0.714285714
1031,Roy White,B,70,160,0.271,160,0.523809524
1032,Sixto Lezcano,R,70,165,0.271,148,0.571428571
1033,Dave Collins,B,71,175,0.272,32,0.733333333
1034,Manny Jimenez,L,73,185,0.272,26,0.961904762
1035,Bob Johnson,R,70,175,0.272,44,0.666666667
1036,Barry Bonnell,R,75,190,0.272,56,1.142857143
1037,Thad Bosley,L,75,175,0.272,20,1
1038,Bill Sample,R,69,175,0.272,46,0.6
1039,Von Joshua,L,70,170,0.273,30,0.619047619
1040,Larry Hisle,R,74,193,0.273,166,1.104761905
1041,Ron Hunt,R,72,186,0.273,39,0.904761905
1042,Larry Biittner,L,74,205,0.273,29,1.219047619
1043,Ben Oglivie,L,74,160,0.273,235,0.79047619
1044,Chet Lemon,R,72,190,0.273,215,0.942857143
1045,Rick Burleson,R,70,165,0.273,50,0.571428571
1046,Willie Horton,R,71,209,0.273,325,1.057142857
1047,Gene Locklear,L,70,165,0.274,9,0.571428571
1048,George Foster,R,73,180,0.274,348,0.914285714
1049,Juan Beniquez,R,71,150,0.274,79,0.495238095
1050,Rennie Stennett,R,71,160,0.274,41,0.59047619
1051,Donn Clendenon,R,76,209,0.274,159,1.39047619
1052,Larry Herndon,R,75,190,0.274,107,1.142857143
1053,Terry Francona,L,73,190,0.274,16,1.00952381
1054,Carlos May,L,71,200,0.274,90,0.971428571
1055,Steve Ontiveros,B,72,185,0.274,24,0.895238095
1056,Darrell Brown,B,72,184,0.274,1,0.885714286
1057,Jose Cardenal,R,70,150,0.275,138,0.428571429
1058,Willie Montanez,L,72,170,0.275,139,0.752380952
1059,Jerry Remy,L,69,165,0.275,7,0.504761905
1060,Dane Iorg,L,72,180,0.276,14,0.847619048
1061,Richie Hebner,L,73,195,0.276,203,1.057142857
1062,Greg Luzinski,R,73,220,0.276,307,1.295238095
1063,Gary Ward,R,74,195,0.276,130,1.123809524
1064,Danny Cater,R,72,170,0.276,66,0.752380952
1065,Gene Clines,R,69,170,0.277,5,0.552380952
1066,Jeff Stone,L,72,175,0.277,11,0.8
1067,Ron Santo,R,72,190,0.277,342,0.942857143
1068,Leon Durham,L,73,185,0.277,147,0.961904762
1069,Amos Otis,R,71,165,0.277,193,0.638095238
1070,Enos Cabell,R,76,170,0.277,60,1.019047619
1071,Bob Horner,R,73,195,0.277,218,1.057142857
1072,Rick Peters,B,69,170,0.277,2,0.552380952
1073,Bobby Murcer,L,71,160,0.277,252,0.59047619
1074,Cesar Tovar,R,69,155,0.278,46,0.40952381
1075,Jim Ray Hart,R,71,185,0.278,170,0.828571429
1076,Jorge Orta,L,70,170,0.278,130,0.619047619
1077,George Hendrick,R,75,195,0.278,267,1.19047619
1078,Claudell Washington,L,72,190,0.278,164,0.942857143
1079,Dusty Baker,R,74,183,0.278,242,1.00952381
1080,Johnny Grubb,L,75,175,0.278,99,1
1081,Steve Kemp,L,72,195,0.278,130,0.99047619
1082,John Castino,R,71,175,0.278,41,0.733333333
1083,Ellis Valentine,R,76,205,0.278,123,1.352380952
1084,Chris Chambliss,L,73,195,0.279,185,1.057142857
1085,Tony Perez,R,74,175,0.279,379,0.933333333
1086,Rusty Staub,L,74,190,0.279,292,1.076190476
1087,Mike Vail,R,73,180,0.279,34,0.914285714
1088,Vic Davalillo,L,67,150,0.279,36,0.228571429
1089,Felix Millan,R,71,172,0.279,22,0.704761905
1090,Buddy Bell,R,73,180,0.279,201,0.914285714
1091,Keith Moreland,R,72,190,0.279,121,0.942857143
1092,Willie Davis,L,74,180,0.279,182,0.980952381
1093,Jesus Alou,R,74,190,0.28,32,1.076190476
1094,Steve Henderson,R,74,190,0.28,68,1.076190476
1095,Mickey Hatcher,R,74,200,0.28,38,1.171428571
1096,Glenn Adams,L,73,180,0.28,34,0.914285714
1097,Al Bumbry,L,68,170,0.281,54,0.485714286
1098,Gary Matthews,R,74,185,0.281,234,1.028571429
1099,Terry Whitfield,L,73,197,0.281,33,1.076190476
1100,Cleon Jones,R,72,185,0.281,93,0.895238095
1101,Ken Singleton,B,76,210,0.282,246,1.4
1102,Tom Paciorek,R,76,215,0.282,86,1.447619048
1103,Bruce Bochte,L,75,195,0.282,100,1.19047619
1104,Wayne Nordhagen,R,74,205,0.282,39,1.219047619
1105,Willie Stargell,L,74,188,0.282,475,1.057142857
1106,Floyd Robinson,L,69,175,0.283,67,0.6
1107,Dave Cash,R,71,170,0.283,21,0.685714286
1108,Fred Lynn,L,73,185,0.283,306,0.961904762
1109,Damaso Garcia,R,73,165,0.283,36,0.771428571
1110,Glenn Beckert,R,73,190,0.283,22,1.00952381
1111,Jose Cruz,L,72,170,0.284,165,0.752380952
1112,Carl Yastrzemski,L,71,175,0.285,452,0.733333333
1113,Garry Maddox,R,75,175,0.285,117,1
1114,Ted Simmons,B,71,193,0.285,248,0.904761905
1115,Cesar Cedeno,R,74,175,0.285,199,0.933333333
1116,Lee Lacy,R,73,175,0.286,91,0.866666667
1117,Tony Gonzalez,L,69,170,0.286,103,0.552380952
1118,Phil Bradley,R,72,185,0.286,78,0.895238095
1119,Greg Gross,L,70,160,0.287,7,0.523809524
1120,Richie Zisk,R,73,200,0.287,207,1.104761905
1121,Lamar Johnson,R,74,215,0.287,64,1.314285714
1122,Jose Morales,R,71,187,0.287,26,0.847619048
1123,Reggie Smith,B,72,180,0.287,314,0.847619048
1124,Alex Johnson,R,72,205,0.288,78,1.085714286
1125,Ron LeFlore,R,72,200,0.288,59,1.038095238
1126,Bill Buckner,L,72,185,0.289,174,0.895238095
1127,Jerry Mumphrey,B,74,185,0.289,70,1.028571429
1128,Hal McRae,R,71,180,0.29,191,0.780952381
1129,Johnny Ray,B,71,170,0.29,53,0.685714286
1130,Gene Richards,L,72,175,0.29,26,0.8
1131,Mike Hargrove,L,72,195,0.29,80,0.99047619
1132,Lou Piniella,R,72,182,0.291,102,0.866666667
1133,Thurman Munson,R,71,190,0.292,113,0.876190476
1134,Dick Allen,R,71,187,0.292,351,0.847619048
1135,Lou Brock,L,71,170,0.293,149,0.685714286
1136,Mike Easler,L,72,190,0.293,118,0.942857143
1137,Ron Blomberg,L,73,195,0.293,52,1.057142857
1138,Steve Garvey,R,70,192,0.294,272,0.828571429
1139,Mickey Rivers,L,70,165,0.295,61,0.571428571
1140,Bob Watson,R,72,201,0.295,184,1.047619048
1141,Manny Sanguillen,R,72,193,0.296,65,0.971428571
1142,Keith Hernandez,L,72,180,0.296,162,0.847619048
1143,Joe Torre,R,74,212,0.297,252,1.285714286
1144,Jim Rice,R,74,200,0.298,382,1.171428571
1145,Cecil Cooper,L,74,165,0.298,241,0.838095238
1146,Bake McBride,L,74,190,0.299,63,1.076190476
1147,Rico Carty,R,75,200,0.299,204,1.238095238
1148,Pete Rose,B,71,192,0.303,160,0.895238095
1149,Al Oliver,L,72,195,0.303,219,0.99047619
1150,Tony Oliva,L,73,175,0.304,220,0.866666667
1151,Manny Mota,R,70,160,0.304,31,0.523809524
1152,Bill Madlock,R,71,180,0.305,163,0.780952381
1153,Ralph Garr,L,71,185,0.306,75,0.828571429
1154,Matty Alou,L,69,160,0.307,31,0.457142857
1155,Lyman Bostock,L,73,180,0.311,23,0.914285714
1156,Rod Carew,L,72,170,0.328,92,0.752380952
,,,,,,,
,,,,,,,451